Subpopulation,XCOORD,YCOORD,ID,sex,age,infection,DisperseCDist,hindex,L0A0,L0A1,L0A2,L0A3,L0A4,L1A0,L1A1,L1A2,L1A3,L1A4,L2A0,L2A1,L2A2,L2A3,L2A4,L3A0,L3A1,L3A2,L3A3,L3A4,L4A0,L4A1,L4A2,L4A3,L4A4,L5A0,L5A1,L5A2,L5A3,L5A4,L6A0,L6A1,L6A2,L6A3,L6A4,L7A0,L7A1,L7A2,L7A3,L7A4,L8A0,L8A1,L8A2,L8A3,L8A4,L9A0,L9A1,L9A2,L9A3,L9A4
1,-847955.192398708,2528244.13417091,1,1,1,0,Initial,-9999,0,0,1,0,1,1,0,0,1,0,0,0,0,1,1,1,0,0,0,1,1,0,0,1,0,1,1,0,0,0,1,1,0,0,0,0,0,1,0,1,0,0,1,1,0,2,0,0,0,0
1,-911952.027841746,2509282.10885445,2,0,1,0,Initial,0.5,1,1,0,0,0,1,0,0,0,1,0,1,0,0,1,0,0,0,0,2,0,0,0,1,1,0,1,0,1,0,0,0,1,0,1,0,0,1,1,0,0,0,1,0,1,1,0,1,0,0
1,-884694.116449341,2478468.81771521,3,0,1,0,Initial,-9999,0,0,0,2,0,0,1,0,1,0,0,2,0,0,0,0,1,0,1,0,2,0,0,0,0,1,0,0,0,1,2,0,0,0,0,2,0,0,0,0,1,1,0,0,0,0,0,0,1,1
1,-919062.787335417,2468987.80505698,4,1,1,0,Initial,-9999,0,0,2,0,0,2,0,0,0,0,2,0,0,0,0,0,0,0,0,2,1,1,0,0,0,1,0,0,0,1,1,0,0,0,1,1,0,0,0,1,0,0,2,0,0,0,0,0,1,1
1,-877583.35695567,2465432.42531015,5,0,1,0,Initial,-9999,0,1,0,0,1,0,1,0,1,0,0,0,0,1,1,0,0,1,0,1,0,0,1,0,1,0,0,1,0,1,0,1,0,0,1,0,1,1,0,0,1,0,0,1,0,0,0,1,1,0
1,-812401.394930354,2452396.03290508,6,1,1,0,Initial,-9999,0,0,0,2,0,1,1,0,0,0,0,0,2,0,0,1,0,0,0,1,1,0,0,1,0,2,0,0,0,0,1,0,0,0,1,0,0,1,1,0,0,1,0,1,0,0,0,1,0,1
1,-958171.964550607,2432248.88100635,7,1,1,0,Initial,-9999,1,0,0,1,0,1,0,0,1,0,0,0,1,1,0,0,0,1,0,1,0,0,2,0,0,0,1,1,0,0,0,0,2,0,0,0,2,0,0,0,1,0,0,1,0,1,0,0,1,0
1,-916692.53417086,2425138.12151268,8,0,1,0,Initial,-9999,1,0,0,1,0,0,1,0,1,0,0,1,0,1,0,0,0,0,1,1,0,0,0,2,0,0,2,0,0,0,0,0,0,1,1,0,1,1,0,0,0,0,2,0,0,0,0,0,1,1
1,-828993.167082252,2419212.48860129,9,0,1,0,Initial,-9999,1,0,0,0,1,1,0,0,1,0,0,0,0,1,1,1,0,0,0,1,0,1,0,1,0,0,0,1,0,1,0,0,1,0,1,0,0,1,0,1,1,0,0,0,1,0,0,2,0,0
1,-901285.88860124,2410916.60252534,10,0,1,0,Initial,-9999,1,0,1,0,0,0,0,1,0,1,0,2,0,0,0,0,0,0,1,1,0,2,0,0,0,0,1,1,0,0,0,1,1,0,0,0,0,0,1,1,0,0,1,0,1,1,0,0,1,0
1,-768551.71138605,2409731.47594306,11,1,1,0,Initial,-9999,0,0,1,0,1,1,0,1,0,0,0,0,2,0,0,0,0,0,1,1,0,0,1,0,1,0,0,1,0,1,0,1,0,0,1,0,0,1,0,1,1,1,0,0,0,0,0,1,1,0
1,-856251.078474657,2388399.19746205,12,1,1,0,Initial,0.5,1,1,0,0,0,2,0,0,0,0,0,0,1,0,1,0,0,1,0,1,1,1,0,0,0,1,0,1,0,0,0,2,0,0,0,0,0,0,0,2,0,1,0,1,0,0,0,1,1,0
1,-851510.572145543,2388399.19746205,13,1,1,0,Initial,0.0,0,2,0,0,0,1,0,1,0,0,1,0,0,1,0,1,0,0,0,1,0,0,2,0,0,0,0,1,0,1,0,0,1,0,1,0,0,1,0,1,0,0,1,0,1,0,2,0,0,0
1,-961727.344297442,2382473.56455065,14,1,1,0,Initial,-9999,0,1,0,0,1,0,0,1,1,0,0,1,1,0,0,0,2,0,0,0,0,1,0,1,0,0,0,1,0,1,0,0,2,0,0,0,0,0,2,0,1,0,0,1,0,0,1,1,0,0
1,-805290.635436683,2382473.56455065,15,1,1,0,Initial,1.0,2,0,0,0,0,2,0,0,0,0,0,1,1,0,0,0,2,0,0,0,0,1,0,0,1,1,0,0,1,0,0,1,1,0,0,0,0,0,1,1,1,0,0,0,1,1,1,0,0,0
1,-916692.53417086,2377733.05822154,16,1,1,0,Initial,0.0,0,2,0,0,0,0,0,1,0,1,1,0,0,0,1,0,1,0,0,1,2,0,0,0,0,0,0,1,0,1,1,1,0,0,0,1,0,0,0,1,1,0,0,0,1,1,1,0,0,0
1,-964097.597461999,2372992.55189242,17,0,1,0,Initial,-9999,0,0,2,0,0,0,1,0,1,0,0,0,1,1,0,0,0,1,1,0,0,1,0,1,0,1,0,0,1,0,0,1,0,1,0,1,0,1,0,0,0,1,1,0,0,1,0,1,0,0
1,-915507.407588581,2362326.41265192,18,1,1,0,Initial,0.0,0,2,0,0,0,1,0,1,0,0,0,0,0,1,1,0,0,2,0,0,0,0,1,1,0,0,1,0,0,1,0,0,1,0,1,0,1,0,1,0,0,0,0,2,0,0,0,0,0,2
1,-866917.217715164,2358771.03290508,19,0,1,0,Initial,-9999,1,0,0,1,0,1,0,1,0,0,0,1,1,0,0,1,0,0,0,1,0,0,0,0,2,0,0,0,1,1,0,0,1,1,0,0,0,1,1,0,0,1,1,0,0,0,1,0,0,1
1,-879953.610120227,2343364.38733546,20,1,1,0,Initial,-9999,1,0,1,0,0,2,0,0,0,0,0,0,2,0,0,2,0,0,0,0,0,0,1,0,1,1,0,0,1,0,0,1,0,0,1,0,1,0,0,1,1,0,1,0,0,1,1,0,0,0
1,-740108.673411366,2342179.26075318,21,1,1,0,Initial,-9999,0,0,0,0,2,1,0,0,0,1,1,1,0,0,0,1,0,0,1,0,0,1,0,0,1,0,1,1,0,0,1,0,1,0,0,0,1,0,1,0,0,2,0,0,0,1,0,1,0,0
1,-682037.470879721,2339809.00758863,22,0,1,0,Initial,-9999,0,0,1,1,0,0,0,1,0,1,0,0,1,0,1,1,0,0,1,0,0,1,0,0,1,0,0,1,1,0,1,0,0,1,0,0,0,2,0,0,0,1,0,0,1,1,0,1,0,0
1,-974763.736702505,2336253.62784179,23,0,1,0,Initial,-9999,0,0,0,1,1,0,1,0,0,1,0,0,1,1,0,0,0,0,1,1,0,1,1,0,0,1,1,0,0,0,0,1,0,1,0,0,1,0,0,1,0,2,0,0,0,1,0,1,0,0
1,-682037.470879721,2330327.9949304,24,0,1,0,Initial,-9999,0,0,0,1,1,0,0,1,1,0,0,0,0,1,1,1,1,0,0,0,0,1,0,1,0,0,1,0,1,0,0,0,1,0,1,0,1,1,0,0,0,1,0,1,0,0,0,1,0,1
1,-833733.673411366,2329142.86834812,25,0,1,0,Initial,-9999,0,1,0,1,0,0,1,1,0,0,0,0,2,0,0,0,1,0,0,1,0,0,0,1,1,0,2,0,0,0,1,0,1,0,0,0,1,0,1,0,0,0,1,1,0,1,0,0,1,0
1,-796994.749360733,2326772.61518356,26,0,1,0,Initial,0.5,1,1,0,0,0,0,1,1,0,0,0,1,1,0,0,0,0,1,1,0,0,0,0,2,0,0,0,0,2,0,0,0,0,0,2,1,0,0,0,1,0,0,2,0,0,0,1,0,1,0
1,-1023353.92657592,2319661.85568989,27,1,1,0,Initial,0.5,1,1,0,0,0,0,1,0,0,1,0,1,0,0,1,0,0,0,0,2,0,1,0,1,0,0,1,0,0,1,0,0,1,0,1,0,1,0,0,1,0,2,0,0,0,1,1,0,0,0
1,-981874.496196176,2316106.47594306,28,1,1,0,Initial,-9999,1,0,1,0,0,1,1,0,0,0,1,1,0,0,0,1,0,0,1,0,2,0,0,0,0,1,1,0,0,0,1,0,1,0,0,1,0,0,0,1,2,0,0,0,0,1,0,0,0,1
1,-919062.787335417,2314921.34936078,29,1,1,0,Initial,-9999,0,1,0,1,0,0,0,0,1,1,0,2,0,0,0,1,0,1,0,0,0,0,0,1,1,0,0,0,1,1,0,1,1,0,0,0,1,0,0,1,1,1,0,0,0,1,1,0,0,0
1,-978319.116449341,2311365.96961394,30,0,1,0,Initial,-9999,0,0,2,0,0,0,0,0,1,1,0,0,0,1,1,1,1,0,0,0,1,1,0,0,0,1,0,1,0,0,1,0,0,0,1,0,1,1,0,0,0,0,0,1,1,0,0,0,2,0
1,-778032.724044278,2311365.96961394,31,1,1,0,Initial,1.0,2,0,0,0,0,1,0,0,0,1,1,0,0,1,0,1,0,0,0,1,0,0,0,1,1,0,1,1,0,0,1,0,1,0,0,0,0,1,0,1,1,0,1,0,0,1,0,0,0,1
1,-997281.141765796,2307810.58986711,32,0,1,0,Initial,1.0,2,0,0,0,0,0,0,0,2,0,0,1,1,0,0,0,0,1,0,1,1,0,1,0,0,0,1,1,0,0,0,1,0,0,1,2,0,0,0,0,0,1,0,1,0,1,0,1,0,0
1,-767366.584803771,2304255.21012027,33,0,1,0,Initial,1.0,2,0,0,0,0,1,1,0,0,0,0,1,0,0,1,0,0,0,1,1,0,1,1,0,0,0,1,1,0,0,0,1,0,1,0,1,1,0,0,0,0,0,1,1,0,0,1,0,1,0
1,-920247.913917695,2300699.83037344,34,1,1,0,Initial,-9999,0,0,0,1,1,0,0,1,1,0,0,0,0,1,1,1,0,0,1,0,1,0,0,0,1,0,1,1,0,0,0,2,0,0,0,0,0,0,0,2,0,0,0,0,2,0,0,1,0,1
1,-938024.812651872,2284108.05822154,35,1,1,0,Initial,-9999,1,0,0,1,0,1,0,0,1,0,0,1,0,0,1,1,1,0,0,0,2,0,0,0,0,0,1,0,0,1,1,0,0,1,0,1,0,1,0,0,0,0,0,1,1,1,0,0,1,0
1,-952246.331639214,2269886.5392342,36,0,1,0,Initial,-9999,1,0,0,1,0,2,0,0,0,0,0,1,0,1,0,0,0,1,0,1,0,0,0,2,0,1,0,0,1,0,0,0,1,1,0,1,0,0,0,1,1,1,0,0,0,0,2,0,0,0
1,-911952.027841746,2265146.03290508,37,0,1,0,Initial,-9999,0,0,0,2,0,0,0,2,0,0,0,1,0,1,0,0,0,1,0,1,0,0,2,0,0,0,0,0,1,1,1,0,0,0,1,0,1,0,1,0,0,0,1,1,0,0,1,0,1,0
1,-838474.17974048,2261590.65315825,38,0,1,0,Initial,0.5,1,1,0,0,0,2,0,0,0,0,1,0,0,0,1,0,0,0,2,0,0,1,0,0,1,0,0,1,1,0,0,1,1,0,0,0,0,1,1,0,0,1,0,1,0,0,0,1,1,0
1,-879953.610120227,2258035.27341141,39,0,1,0,Initial,-9999,0,0,0,1,1,1,0,1,0,0,0,0,1,1,0,1,0,0,1,0,1,0,1,0,0,0,0,1,0,1,0,0,1,1,0,0,1,0,1,0,1,0,1,0,0,0,1,0,0,1
1,-1009132.40758858,2250924.51391774,40,1,1,0,Initial,-9999,0,0,1,0,1,0,0,1,1,0,0,1,0,0,1,0,1,0,0,1,0,0,0,1,1,0,0,0,0,2,0,0,2,0,0,0,1,0,0,1,0,1,0,1,0,0,1,0,1,0
1,-870472.597461999,2250924.51391774,41,0,1,0,Initial,-9999,0,0,0,2,0,1,1,0,0,0,1,0,1,0,0,0,1,1,0,0,1,0,0,0,1,1,0,0,0,1,0,0,0,2,0,0,0,0,1,1,1,0,0,0,1,0,0,0,2,0
1,-887064.369613898,2243813.75442407,42,0,1,0,Initial,-9999,1,0,0,0,1,0,0,0,1,1,0,0,0,1,1,0,0,0,2,0,0,1,0,1,0,1,1,0,0,0,0,0,0,2,0,1,1,0,0,0,0,0,0,0,2,1,1,0,0,0
1,-1004391.90125947,2237888.12151268,43,1,1,0,Initial,-9999,0,1,0,1,0,0,1,1,0,0,0,1,0,0,1,0,0,0,1,1,0,0,0,0,2,0,0,1,1,0,0,1,1,0,0,1,0,0,0,1,1,0,0,0,1,0,0,1,1,0
1,-1025724.17974048,2235517.86834812,44,1,1,0,Initial,1.0,2,0,0,0,0,0,0,2,0,0,0,1,1,0,0,0,0,1,0,1,0,0,2,0,0,0,0,0,1,1,0,0,1,0,1,1,0,1,0,0,0,1,0,0,1,0,0,2,0,0
1,-866917.217715164,2234332.74176584,45,1,1,0,Initial,-9999,0,1,0,0,1,0,0,1,1,0,0,0,1,1,0,1,0,1,0,0,0,0,1,1,0,0,1,0,0,1,1,1,0,0,0,1,1,0,0,0,1,0,1,0,0,2,0,0,0,0
1,-954616.584803771,2233147.61518356,46,1,1,0,Initial,-9999,0,1,0,1,0,1,0,0,1,0,0,0,0,1,1,1,1,0,0,0,0,1,1,0,0,0,0,0,1,1,0,0,1,1,0,0,0,0,2,0,1,0,1,0,0,1,0,0,0,1
1,-898915.635436682,2230777.36201901,47,0,1,0,Initial,-9999,0,1,0,0,1,0,0,1,1,0,0,0,0,1,1,0,2,0,0,0,0,0,0,2,0,1,0,0,0,1,0,0,0,1,1,0,1,0,1,0,0,0,1,0,1,0,1,0,0,1
1,-857436.205056936,2229592.23543673,48,1,1,0,Initial,0.5,1,1,0,0,0,2,0,0,0,0,0,0,0,0,2,0,1,0,1,0,1,1,0,0,0,0,0,2,0,0,0,2,0,0,0,0,1,0,0,1,1,0,0,1,0,2,0,0,0,0
1,-915507.407588581,2226036.85568989,49,1,1,0,Initial,-9999,1,0,0,1,0,0,1,0,1,0,1,0,0,0,1,1,1,0,0,0,0,0,2,0,0,0,1,0,0,1,2,0,0,0,0,0,0,1,1,0,0,0,0,2,0,0,0,0,1,1
1,-778032.724044278,2226036.85568989,50,1,1,0,Initial,-9999,0,0,1,0,1,1,1,0,0,0,0,1,0,1,0,1,0,0,1,0,1,1,0,0,0,0,2,0,0,0,1,1,0,0,0,0,0,1,0,1,1,0,0,1,0,1,1,0,0,0
